user_id,user_data_json
00bab447-25b8-48d2-934b-2d90b54b0998,"{""user_id"":""00bab447-25b8-48d2-934b-2d90b54b0998"",""profile"":{""age"":23,""gender"":""female"",""latitude"":40.48038142908172,""longitude"":-3.6474609375000004},""preferences"":{""dark_white_chocolate"":1,""curry_cucumber"":3,""vanilla_lemon"":8,""caramel_wasabi"":2,""blue_mozzarella"":2,""sparkling_sweet"":8,""barbecue_ketchup"":8,""tropical_winter"":2,""early_night"":7,""beer_frequency"":""once_a_week"",""drinks_alcohol"":true},""ratings"":{""Beer 1"":8,""Beer 2"":8,""Beer 3"":7,""Beer 4"":8,""Beer 5"":5,""Beer 6"":9,""Beer 7"":2,""Beer 8"":2,""Beer 9"":4}}"
0f1b9d70-1f5b-4f30-a745-0b789210ad27,"{""user_id"":""0f1b9d70-1f5b-4f30-a745-0b789210ad27"",""profile"":{""age"":22,""gender"":""male"",""latitude"":52.54720685874196,""longitude"":13.459548138028651},""preferences"":{""dark_white_chocolate"":5,""curry_cucumber"":5,""vanilla_lemon"":5,""caramel_wasabi"":10,""blue_mozzarella"":5,""sparkling_sweet"":5,""barbecue_ketchup"":5,""tropical_winter"":5,""early_night"":5,""beer_frequency"":""never"",""drinks_alcohol"":true},""ratings"":{""Beer 1"":5}}"
147b17bf-16e3-4241-88f5-4b41c62b2ea0,"{""user_id"":""147b17bf-16e3-4241-88f5-4b41c62b2ea0"",""profile"":{""age"":22,""gender"":""male"",""latitude"":50.23578709847154,""longitude"":8.592681884765627},""preferences"":{""dark_white_chocolate"":3,""curry_cucumber"":7,""vanilla_lemon"":3,""caramel_wasabi"":4,""blue_mozzarella"":3,""sparkling_sweet"":7,""barbecue_ketchup"":6,""tropical_winter"":1,""early_night"":3,""beer_frequency"":""once_a_month"",""drinks_alcohol"":true},""ratings"":{""Beer 1"":7,""Beer 2"":3,""Beer 3"":7,""Beer 4"":3,""Beer 5"":3,""Beer 6"":1,""Beer 7"":5,""Beer 8"":3,""Beer 9"":8}}"
15c21eec-f60a-4072-885a-296ffe05e5e3,"{""user_id"":""15c21eec-f60a-4072-885a-296ffe05e5e3"",""profile"":{""age"":24,""gender"":""female"",""latitude"":47.99727386804474,""longitude"":7.841491699218751},""preferences"":{""dark_white_chocolate"":3,""curry_cucumber"":5,""vanilla_lemon"":10,""caramel_wasabi"":4,""blue_mozzarella"":6,""sparkling_sweet"":6,""barbecue_ketchup"":5,""tropical_winter"":7,""early_night"":2,""beer_frequency"":""once_a_week"",""drinks_alcohol"":true},""ratings"":{""Beer 1"":4,""Beer 2"":8,""Beer 3"":6,""Beer 7"":4,""Beer 8"":1,""Beer 9"":8}}"
1873ecd6-fc1a-4624-805f-bcab1ab459bb,"{""user_id"":""1873ecd6-fc1a-4624-805f-bcab1ab459bb"",""profile"":{""age"":34,""gender"":""male"",""latitude"":46.199096953206194,""longitude"":6.134884642111143},""preferences"":{""dark_white_chocolate"":2,""curry_cucumber"":3,""vanilla_lemon"":1,""caramel_wasabi"":8,""blue_mozzarella"":2,""sparkling_sweet"":1,""barbecue_ketchup"":4,""tropical_winter"":9,""early_night"":7,""beer_frequency"":""once_a_week"",""drinks_alcohol"":true},""ratings"":{""Beer 1"":3,""Beer 2"":5,""Beer 3"":6,""Beer 4"":8,""Beer 5"":6,""Beer 6"":3,""Beer 7"":5,""Beer 8"":7,""Beer 9"":6}}"
18d27737-6153-4474-8426-2f14d5223b0b,"{""user_id"":""18d27737-6153-4474-8426-2f14d5223b0b"",""profile"":{""age"":27,""gender"":""female"",""latitude"":59.62404356635424,""longitude"":17.81970124227352},""preferences"":{""dark_white_chocolate"":8,""curry_cucumber"":3,""vanilla_lemon"":7,""caramel_wasabi"":0,""blue_mozzarella"":5,""sparkling_sweet"":8,""barbecue_ketchup"":7,""tropical_winter"":8,""early_night"":6,""beer_frequency"":""once_a_month"",""drinks_alcohol"":true},""ratings"":{""Beer 1"":4,""Beer 2"":5,""Beer 3"":6,""Beer 4"":4,""Beer 5"":3,""Beer 7"":4,""Beer 8"":2,""Beer 9"":3}}"
1aa073b9-c937-4a58-80f5-40c88a109f00,"{""user_id"":""1aa073b9-c937-4a58-80f5-40c88a109f00"",""profile"":{""age"":37,""gender"":""male"",""latitude"":50.73439088419965,""longitude"":7.099828720092774},""preferences"":{""dark_white_chocolate"":6,""curry_cucumber"":5,""vanilla_lemon"":6,""caramel_wasabi"":8,""blue_mozzarella"":7,""sparkling_sweet"":6,""barbecue_ketchup"":3,""tropical_winter"":2,""early_night"":7,""beer_frequency"":""once_a_week"",""drinks_alcohol"":true},""ratings"":{""Beer 1"":5,""Beer 2"":7,""Beer 3"":8,""Beer 4"":8,""Beer 5"":1,""Beer 6"":3,""Beer 7"":6,""Beer 8"":2,""Beer 9"":8}}"
1deb6b05-7b8b-4a50-a24d-717d05686cf1,"{""user_id"":""1deb6b05-7b8b-4a50-a24d-717d05686cf1"",""profile"":{""age"":25,""gender"":""female"",""latitude"":48.049165085820064,""longitude"":11.704566637916567},""preferences"":{""dark_white_chocolate"":1,""curry_cucumber"":3,""vanilla_lemon"":2,""caramel_wasabi"":3,""blue_mozzarella"":7,""sparkling_sweet"":1,""barbecue_ketchup"":1,""tropical_winter"":8,""early_night"":4,""beer_frequency"":""once_a_month"",""drinks_alcohol"":true},""ratings"":{""Beer 3"":2,""Beer 5"":3,""Beer 6"":2,""Beer 7"":5,""Beer 8"":3,""Beer 9"":6}}"
260bd758-840c-494b-b42b-a9305e31ad42,"{""user_id"":""260bd758-840c-494b-b42b-a9305e31ad42"",""profile"":{""age"":27,""gender"":""female"",""latitude"":48.033674793140484,""longitude"":14.411444664001467},""preferences"":{""dark_white_chocolate"":3,""curry_cucumber"":2,""vanilla_lemon"":2,""caramel_wasabi"":9,""blue_mozzarella"":9,""sparkling_sweet"":1,""barbecue_ketchup"":9,""tropical_winter"":1,""early_night"":4,""beer_frequency"":""once_a_month"",""drinks_alcohol"":true},""ratings"":{""Beer 1"":6,""Beer 2"":7,""Beer 3"":3,""Beer 4"":5,""Beer 5"":2,""Beer 6"":4,""Beer 7"":8,""Beer 8"":1,""Beer 9"":5}}"
2845ad13-a7d3-468f-ad15-ac93ebc6f852,"{""user_id"":""2845ad13-a7d3-468f-ad15-ac93ebc6f852"",""profile"":{""age"":21,""gender"":""male"",""latitude"":50.13306882530336,""longitude"":11.000876426696777},""preferences"":{""dark_white_chocolate"":3,""curry_cucumber"":4,""vanilla_lemon"":3,""caramel_wasabi"":4,""blue_mozzarella"":10,""sparkling_sweet"":4,""barbecue_ketchup"":7,""tropical_winter"":6,""early_night"":8,""beer_frequency"":""once_a_month"",""drinks_alcohol"":true},""ratings"":{""Beer 1"":4,""Beer 2"":6,""Beer 3"":4,""Beer 4"":5,""Beer 5"":4,""Beer 6"":4,""Beer 7"":3,""Beer 8"":2,""Beer 9"":7}}"
33d8c279-8a39-453a-9ecd-dad1886ac4bd,"{""user_id"":""33d8c279-8a39-453a-9ecd-dad1886ac4bd"",""profile"":{""age"":22,""gender"":""male"",""latitude"":51.51365688983539,""longitude"":7.464866638183595},""preferences"":{""dark_white_chocolate"":7,""curry_cucumber"":3,""vanilla_lemon"":4,""caramel_wasabi"":0,""blue_mozzarella"":6,""sparkling_sweet"":2,""barbecue_ketchup"":9,""tropical_winter"":2,""early_night"":8,""beer_frequency"":""once_a_week"",""drinks_alcohol"":true},""ratings"":{""Beer 1"":8,""Beer 2"":9,""Beer 3"":4,""Beer 4"":5,""Beer 5"":4,""Beer 6"":2,""Beer 7"":3,""Beer 8"":1,""Beer 9"":8}}"
3a808e4c-b021-444c-abdb-bce5713e0ee7,"{""user_id"":""3a808e4c-b021-444c-abdb-bce5713e0ee7"",""profile"":{""age"":24,""gender"":""female"",""latitude"":48.00094957553023,""longitude"":7.846984863281251},""preferences"":{""dark_white_chocolate"":2,""curry_cucumber"":5,""vanilla_lemon"":10,""caramel_wasabi"":3,""blue_mozzarella"":8,""sparkling_sweet"":7,""barbecue_ketchup"":5,""tropical_winter"":7,""early_night"":2,""beer_frequency"":""once_a_week"",""drinks_alcohol"":true},""ratings"":{""Beer 1"":7,""Beer 2"":6,""Beer 3"":2,""Beer 4"":5,""Beer 5"":9,""Beer 6"":7,""Beer 7"":4,""Beer 8"":1,""Beer 9"":8}}"
3c021c30-ceae-49ec-b769-d12e81f15207,"{""user_id"":""3c021c30-ceae-49ec-b769-d12e81f15207"",""profile"":{""age"":27,""gender"":""prefer-not-to-say"",""latitude"":50.96880573431783,""longitude"":6.948852539062501},""preferences"":{""dark_white_chocolate"":8,""curry_cucumber"":1,""vanilla_lemon"":1,""caramel_wasabi"":8,""blue_mozzarella"":1,""sparkling_sweet"":2,""barbecue_ketchup"":1,""tropical_winter"":3,""early_night"":10,""beer_frequency"":""once_a_week"",""drinks_alcohol"":true},""ratings"":{""Beer 1"":7,""Beer 2"":8,""Beer 3"":3,""Beer 4"":5,""Beer 5"":3,""Beer 6"":2,""Beer 7"":5,""Beer 8"":3,""Beer 9"":8}}"
3c317922-342b-4bda-8372-9d95a101c05a,"{""user_id"":""3c317922-342b-4bda-8372-9d95a101c05a"",""profile"":{""age"":22,""gender"":""female"",""latitude"":40.111688665595956,""longitude"":-3.5156250000000004},""preferences"":{""dark_white_chocolate"":9,""curry_cucumber"":9,""vanilla_lemon"":10,""caramel_wasabi"":2,""blue_mozzarella"":9,""sparkling_sweet"":10,""barbecue_ketchup"":3,""tropical_winter"":2,""early_night"":1,""beer_frequency"":""once_a_month"",""drinks_alcohol"":true},""ratings"":{""Beer 1"":4,""Beer 2"":2,""Beer 3"":6,""Beer 4"":7,""Beer 5"":9,""Beer 6"":2,""Beer 7"":4,""Beer 8"":2,""Beer 9"":6}}"
3d6c0f2c-48c1-42ab-b7ed-49747d5e5fdc,"{""user_id"":""3d6c0f2c-48c1-42ab-b7ed-49747d5e5fdc"",""profile"":{""age"":23,""gender"":""male"",""latitude"":49.41950261690481,""longitude"":8.662955760955812},""preferences"":{""dark_white_chocolate"":0,""curry_cucumber"":4,""vanilla_lemon"":10,""caramel_wasabi"":3,""blue_mozzarella"":4,""sparkling_sweet"":2,""barbecue_ketchup"":7,""tropical_winter"":6,""early_night"":8,""beer_frequency"":""once_a_month"",""drinks_alcohol"":true},""ratings"":{""Beer 1"":8,""Beer 2"":9,""Beer 3"":6,""Beer 4"":6,""Beer 5"":1,""Beer 6"":3,""Beer 7"":4,""Beer 8"":1,""Beer 9"":7}}"
3db7aa44-639d-46d7-8e82-0c5fc06b7562,"{""user_id"":""3db7aa44-639d-46d7-8e82-0c5fc06b7562"",""profile"":{""age"":22,""gender"":""male"",""latitude"":47.96638026027055,""longitude"":7.979639657836812},""preferences"":{""dark_white_chocolate"":4,""curry_cucumber"":3,""vanilla_lemon"":2,""caramel_wasabi"":5,""blue_mozzarella"":8,""sparkling_sweet"":9,""barbecue_ketchup"":8,""tropical_winter"":0,""early_night"":9,""beer_frequency"":""once_a_week"",""drinks_alcohol"":true},""ratings"":{""Beer 1"":5,""Beer 2"":4,""Beer 3"":1,""Beer 4"":1,""Beer 5"":4,""Beer 6"":2,""Beer 7"":4,""Beer 8"":3,""Beer 9"":8}}"
3e402a37-7066-42df-9577-9720dc105720,"{""user_id"":""3e402a37-7066-42df-9577-9720dc105720"",""profile"":{""age"":35,""gender"":""male"",""latitude"":51.57706953722567,""longitude"":9.920654296875002},""preferences"":{""dark_white_chocolate"":2,""curry_cucumber"":2,""vanilla_lemon"":2,""caramel_wasabi"":2,""blue_mozzarella"":9,""sparkling_sweet"":1,""barbecue_ketchup"":8,""tropical_winter"":7,""early_night"":8,""beer_frequency"":""once_a_month"",""drinks_alcohol"":true},""ratings"":{""Beer 3"":4,""Beer 5"":8,""Beer 7"":8,""Beer 8"":10}}"
3fba5fe6-3624-48dd-96a4-d5a9aefbd221,"{""user_id"":""3fba5fe6-3624-48dd-96a4-d5a9aefbd221"",""profile"":{""age"":22,""gender"":""female"",""latitude"":53.202742353507254,""longitude"":6.726379394531251},""preferences"":{""dark_white_chocolate"":5,""curry_cucumber"":7,""vanilla_lemon"":10,""caramel_wasabi"":0,""blue_mozzarella"":10,""sparkling_sweet"":2,""barbecue_ketchup"":8,""tropical_winter"":8,""early_night"":3,""beer_frequency"":""once_a_month"",""drinks_alcohol"":true},""ratings"":{""Beer 1"":7,""Beer 2"":10,""Beer 3"":3,""Beer 4"":2,""Beer 5"":1,""Beer 6"":4,""Beer 7"":6,""Beer 8"":6,""Beer 9"":9}}"
45e201b9-cf24-4622-b871-d057a1f477f0,"{""user_id"":""45e201b9-cf24-4622-b871-d057a1f477f0"",""profile"":{""age"":21,""gender"":""female"",""latitude"":53.553362785528094,""longitude"":10.022277832031252},""preferences"":{""dark_white_chocolate"":4,""curry_cucumber"":3,""vanilla_lemon"":10,""caramel_wasabi"":7,""blue_mozzarella"":10,""sparkling_sweet"":2,""barbecue_ketchup"":3,""tropical_winter"":5,""early_night"":2,""beer_frequency"":""once_a_week"",""drinks_alcohol"":true},""ratings"":{""Beer 1"":7,""Beer 2"":7,""Beer 3"":2,""Beer 4"":9,""Beer 5"":5,""Beer 6"":3,""Beer 7"":5,""Beer 8"":1,""Beer 9"":9}}"
4d7f34ba-844b-4d00-aa17-9ff28e4d7f11,"{""user_id"":""4d7f34ba-844b-4d00-aa17-9ff28e4d7f11"",""profile"":{""age"":23,""gender"":""male"",""latitude"":48.159486891916906,""longitude"":11.575085437937378},""preferences"":{""dark_white_chocolate"":2,""curry_cucumber"":3,""vanilla_lemon"":1,""caramel_wasabi"":6,""blue_mozzarella"":2,""sparkling_sweet"":9,""barbecue_ketchup"":10,""tropical_winter"":3,""early_night"":7,""beer_frequency"":""once_a_month"",""drinks_alcohol"":true},""ratings"":{""Beer 1"":6,""Beer 2"":5,""Beer 3"":5,""Beer 4"":5,""Beer 5"":6,""Beer 6"":3,""Beer 7"":2,""Beer 8"":2,""Beer 9"":7}}"
59a9933d-51b8-4858-81a3-8db1c0ed18f1,"{""user_id"":""59a9933d-51b8-4858-81a3-8db1c0ed18f1"",""profile"":{""age"":25,""gender"":""male"",""latitude"":37.77505678240509,""longitude"":12.47222900390625},""preferences"":{""dark_white_chocolate"":8,""curry_cucumber"":3,""vanilla_lemon"":8,""caramel_wasabi"":3,""blue_mozzarella"":9,""sparkling_sweet"":2,""barbecue_ketchup"":8,""tropical_winter"":0,""early_night"":8,""beer_frequency"":""once_a_week"",""drinks_alcohol"":true},""ratings"":{""Beer 1"":9,""Beer 2"":6,""Beer 3"":5,""Beer 4"":8,""Beer 5"":6,""Beer 6"":8,""Beer 7"":7,""Beer 8"":8,""Beer 9"":7}}"
5a788339-3c12-44c5-b4c3-0e515dae9b5a,"{""user_id"":""5a788339-3c12-44c5-b4c3-0e515dae9b5a"",""profile"":{""age"":24,""gender"":""female"",""latitude"":53.69129413020048,""longitude"":10.169777870178224},""preferences"":{""dark_white_chocolate"":0,""curry_cucumber"":10,""vanilla_lemon"":7,""caramel_wasabi"":10,""blue_mozzarella"":1,""sparkling_sweet"":0,""barbecue_ketchup"":0,""tropical_winter"":5,""early_night"":5,""beer_frequency"":""multiple_times_a_week"",""drinks_alcohol"":true},""ratings"":{""Beer 1"":8,""Beer 2"":7,""Beer 3"":8,""Beer 4"":8,""Beer 5"":1,""Beer 6"":3,""Beer 7"":3,""Beer 8"":2,""Beer 9"":10}}"
60fd4267-dc59-41ac-b12a-20790dc93307,"{""user_id"":""60fd4267-dc59-41ac-b12a-20790dc93307"",""profile"":{""age"":24,""gender"":""female"",""latitude"":50.84930707388861,""longitude"":4.372558593750001},""preferences"":{""dark_white_chocolate"":0,""curry_cucumber"":3,""vanilla_lemon"":2,""caramel_wasabi"":8,""blue_mozzarella"":2,""sparkling_sweet"":2,""barbecue_ketchup"":1,""tropical_winter"":8,""early_night"":2,""beer_frequency"":""once_a_week"",""drinks_alcohol"":true},""ratings"":{""Beer 1"":2,""Beer 2"":3,""Beer 3"":8,""Beer 4"":6,""Beer 5"":10,""Beer 6"":5,""Beer 7"":10,""Beer 8"":7,""Beer 9"":8}}"
6a50fffc-2a30-4977-bc60-caa27c664951,"{""user_id"":""6a50fffc-2a30-4977-bc60-caa27c664951"",""profile"":{""age"":21,""gender"":""male"",""latitude"":48.98589344353988,""longitude"":12.04156648889406},""preferences"":{""dark_white_chocolate"":8,""curry_cucumber"":2,""vanilla_lemon"":2,""caramel_wasabi"":8,""blue_mozzarella"":10,""sparkling_sweet"":0,""barbecue_ketchup"":6,""tropical_winter"":1,""early_night"":10,""beer_frequency"":""once_a_week"",""drinks_alcohol"":true},""ratings"":{""Beer 1"":4,""Beer 2"":7,""Beer 3"":8,""Beer 4"":6,""Beer 5"":7,""Beer 6"":5,""Beer 7"":1,""Beer 8"":1,""Beer 9"":5}}"
738e95e5-2865-4663-b638-6e9536a310a4,"{""user_id"":""738e95e5-2865-4663-b638-6e9536a310a4"",""profile"":{""age"":23,""gender"":""female"",""latitude"":49.50369806492814,""longitude"":11.25926971435547},""preferences"":{""dark_white_chocolate"":5,""curry_cucumber"":3,""vanilla_lemon"":3,""caramel_wasabi"":3,""blue_mozzarella"":10,""sparkling_sweet"":3,""barbecue_ketchup"":7,""tropical_winter"":5,""early_night"":9,""beer_frequency"":""never"",""drinks_alcohol"":true},""ratings"":{""Beer 1"":4,""Beer 2"":3,""Beer 3"":1,""Beer 4"":2,""Beer 5"":3,""Beer 6"":2,""Beer 7"":4,""Beer 8"":1,""Beer 9"":4}}"
7a857154-d841-4300-9ebd-0cc235184a76,"{""user_id"":""7a857154-d841-4300-9ebd-0cc235184a76"",""profile"":{""age"":24,""gender"":""female"",""latitude"":48.982019588328214,""longitude"":8.410034179687502},""preferences"":{""dark_white_chocolate"":2,""curry_cucumber"":2,""vanilla_lemon"":1,""caramel_wasabi"":0,""blue_mozzarella"":3,""sparkling_sweet"":5,""barbecue_ketchup"":5,""tropical_winter"":8,""early_night"":2,""beer_frequency"":""once_a_week"",""drinks_alcohol"":true},""ratings"":{""Beer 1"":4,""Beer 2"":6,""Beer 3"":4,""Beer 4"":3,""Beer 5"":4,""Beer 6"":4,""Beer 7"":6,""Beer 8"":2,""Beer 9"":5}}"
7cd27879-3145-47a7-938b-39147abc36ac,"{""user_id"":""7cd27879-3145-47a7-938b-39147abc36ac"",""profile"":{""age"":24,""gender"":""female"",""latitude"":38.709357232356226,""longitude"":-9.13993835449219},""preferences"":{""dark_white_chocolate"":1,""curry_cucumber"":4,""vanilla_lemon"":7,""caramel_wasabi"":2,""blue_mozzarella"":7,""sparkling_sweet"":5,""barbecue_ketchup"":2,""tropical_winter"":5,""early_night"":7,""beer_frequency"":""multiple_times_a_week"",""drinks_alcohol"":true},""ratings"":{""Beer 1"":6,""Beer 2"":6,""Beer 3"":3,""Beer 4"":4,""Beer 5"":7,""Beer 6"":5,""Beer 7"":6,""Beer 8"":5,""Beer 9"":9}}"
7e669e7f-97d7-4ddd-bd47-392bd51d0bbc,"{""user_id"":""7e669e7f-97d7-4ddd-bd47-392bd51d0bbc"",""profile"":{""age"":23,""gender"":""female"",""latitude"":40.38002840251183,""longitude"":-3.7353515625000004},""preferences"":{""dark_white_chocolate"":1,""curry_cucumber"":4,""vanilla_lemon"":8,""caramel_wasabi"":2,""blue_mozzarella"":2,""sparkling_sweet"":8,""barbecue_ketchup"":7,""tropical_winter"":3,""early_night"":7,""beer_frequency"":""once_a_week"",""drinks_alcohol"":true},""ratings"":{""Beer 5"":3,""Beer 6"":9,""Beer 7"":3,""Beer 8"":6,""Beer 9"":6}}"
7f45cd4c-0341-4af2-ac35-796800e6f962,"{""user_id"":""7f45cd4c-0341-4af2-ac35-796800e6f962"",""profile"":{""age"":27,""gender"":""male"",""latitude"":37.415644768594156,""longitude"":-5.8530067984015375},""preferences"":{""dark_white_chocolate"":4,""curry_cucumber"":3,""vanilla_lemon"":8,""caramel_wasabi"":2,""blue_mozzarella"":8,""sparkling_sweet"":3,""barbecue_ketchup"":0,""tropical_winter"":2,""early_night"":0,""beer_frequency"":""once_a_week"",""drinks_alcohol"":true},""ratings"":{""Beer 1"":6,""Beer 2"":4,""Beer 3"":2,""Beer 4"":5,""Beer 5"":4,""Beer 6"":2,""Beer 7"":3,""Beer 8"":1,""Beer 9"":4}}"
87d61cda-af94-446a-8d54-8d881c98d517,"{""user_id"":""87d61cda-af94-446a-8d54-8d881c98d517"",""profile"":{""age"":25,""gender"":""male"",""latitude"":49.607367185225314,""longitude"":11.002834604326704},""preferences"":{""dark_white_chocolate"":2,""curry_cucumber"":3,""vanilla_lemon"":3,""caramel_wasabi"":8,""blue_mozzarella"":5,""sparkling_sweet"":6,""barbecue_ketchup"":4,""tropical_winter"":7,""early_night"":10,""beer_frequency"":""once_a_week"",""drinks_alcohol"":true},""ratings"":{""Beer 1"":5,""Beer 2"":9,""Beer 3"":4,""Beer 4"":4,""Beer 5"":5,""Beer 6"":2,""Beer 7"":6,""Beer 8"":3,""Beer 9"":6}}"
88da5c75-794e-4f49-a1ad-1ab7811f8d84,"{""user_id"":""88da5c75-794e-4f49-a1ad-1ab7811f8d84"",""profile"":{""age"":28,""gender"":""female"",""latitude"":40.014597288609956,""longitude"":-3.2521534505756087},""preferences"":{""dark_white_chocolate"":2,""curry_cucumber"":2,""vanilla_lemon"":8,""caramel_wasabi"":8,""blue_mozzarella"":6,""sparkling_sweet"":8,""barbecue_ketchup"":7,""tropical_winter"":7,""early_night"":9,""beer_frequency"":""multiple_times_a_week"",""drinks_alcohol"":true},""ratings"":{""Beer 1"":8,""Beer 2"":8,""Beer 3"":7,""Beer 4"":2,""Beer 5"":4,""Beer 6"":4,""Beer 7"":6,""Beer 8"":6,""Beer 9"":6}}"
899fe375-2e81-4d8e-a4f0-fe16e8d077a5,"{""user_id"":""899fe375-2e81-4d8e-a4f0-fe16e8d077a5"",""profile"":{""age"":23,""gender"":""female"",""latitude"":49.411557064933675,""longitude"":8.70057590053898},""preferences"":{""dark_white_chocolate"":0,""curry_cucumber"":3,""vanilla_lemon"":10,""caramel_wasabi"":0,""blue_mozzarella"":10,""sparkling_sweet"":2,""barbecue_ketchup"":9,""tropical_winter"":3,""early_night"":8,""beer_frequency"":""once_a_month"",""drinks_alcohol"":true},""ratings"":{""Beer 1"":3,""Beer 2"":6,""Beer 3"":3,""Beer 4"":2,""Beer 6"":4,""Beer 7"":4,""Beer 8"":7,""Beer 9"":7}}"
8bd86e77-d2d4-4912-b8be-801cbfa6cd25,"{""user_id"":""8bd86e77-d2d4-4912-b8be-801cbfa6cd25"",""profile"":{""age"":25,""gender"":""male"",""latitude"":52.37203595971475,""longitude"":4.9021339416503915},""preferences"":{""dark_white_chocolate"":0,""curry_cucumber"":3,""vanilla_lemon"":3,""caramel_wasabi"":7,""blue_mozzarella"":3,""sparkling_sweet"":1,""barbecue_ketchup"":7,""tropical_winter"":3,""early_night"":3,""beer_frequency"":""multiple_times_a_week"",""drinks_alcohol"":true},""ratings"":{""Beer 1"":4,""Beer 2"":4,""Beer 3"":6,""Beer 4"":1,""Beer 5"":6,""Beer 6"":2,""Beer 7"":2,""Beer 8"":1,""Beer 9"":7}}"
8e4457c0-3f54-4ec6-9aec-24d1cbfe135b,"{""user_id"":""8e4457c0-3f54-4ec6-9aec-24d1cbfe135b"",""profile"":{""age"":25,""gender"":""male"",""latitude"":52.367005046376875,""longitude"":4.89269256591797},""preferences"":{""dark_white_chocolate"":3,""curry_cucumber"":2,""vanilla_lemon"":2,""caramel_wasabi"":2,""blue_mozzarella"":9,""sparkling_sweet"":7,""barbecue_ketchup"":7,""tropical_winter"":2,""early_night"":9,""beer_frequency"":""multiple_times_a_week"",""drinks_alcohol"":true},""ratings"":{""Beer 1"":6,""Beer 2"":7,""Beer 3"":5,""Beer 4"":6,""Beer 5"":2,""Beer 6"":2,""Beer 7"":3,""Beer 8"":1,""Beer 9"":8}}"
8f336d55-a865-41b0-b901-a77cb52db2ba,"{""user_id"":""8f336d55-a865-41b0-b901-a77cb52db2ba"",""profile"":{""age"":25,""gender"":""male"",""latitude"":46.049268342692976,""longitude"":14.513319665710297},""preferences"":{""dark_white_chocolate"":3,""curry_cucumber"":3,""vanilla_lemon"":2,""caramel_wasabi"":3,""blue_mozzarella"":8,""sparkling_sweet"":6,""barbecue_ketchup"":8,""tropical_winter"":3,""early_night"":7,""beer_frequency"":""once_a_month"",""drinks_alcohol"":true},""ratings"":{""Beer 1"":2,""Beer 2"":7,""Beer 3"":3,""Beer 4"":4,""Beer 5"":3,""Beer 6"":6,""Beer 7"":2,""Beer 8"":1,""Beer 9"":5}}"
8f7dd0d6-f5be-41d8-963f-ad1a497b5620,"{""user_id"":""8f7dd0d6-f5be-41d8-963f-ad1a497b5620"",""profile"":{""age"":24,""gender"":""female"",""latitude"":50.08684203277927,""longitude"":14.421310311431942},""preferences"":{""dark_white_chocolate"":6,""curry_cucumber"":5,""vanilla_lemon"":5,""caramel_wasabi"":3,""blue_mozzarella"":5,""sparkling_sweet"":2,""barbecue_ketchup"":3,""tropical_winter"":8,""early_night"":1,""beer_frequency"":""once_a_week"",""drinks_alcohol"":true},""ratings"":{""Beer 1"":7,""Beer 2"":8,""Beer 3"":8,""Beer 4"":2,""Beer 5"":3,""Beer 6"":2,""Beer 7"":5,""Beer 8"":3,""Beer 9"":8}}"
9ae4b6c1-502c-4087-881d-0beabbe4f58f,"{""user_id"":""9ae4b6c1-502c-4087-881d-0beabbe4f58f"",""profile"":{""age"":24,""gender"":""male"",""latitude"":45.52944081525669,""longitude"":8.083190917968752},""preferences"":{""dark_white_chocolate"":0,""curry_cucumber"":4,""vanilla_lemon"":8,""caramel_wasabi"":10,""blue_mozzarella"":7,""sparkling_sweet"":0,""barbecue_ketchup"":5,""tropical_winter"":5,""early_night"":4,""beer_frequency"":""once_a_week"",""drinks_alcohol"":true},""ratings"":{""Beer 1"":9,""Beer 2"":8,""Beer 3"":6,""Beer 4"":9,""Beer 5"":3,""Beer 6"":9,""Beer 7"":7,""Beer 8"":8,""Beer 9"":7}}"
9fc458e5-aea8-4846-aa74-9d9ab6ade9f4,"{""user_id"":""9fc458e5-aea8-4846-aa74-9d9ab6ade9f4"",""profile"":{""age"":24,""gender"":""male"",""latitude"":47.670613016638214,""longitude"":9.184056684775928},""preferences"":{""dark_white_chocolate"":0,""curry_cucumber"":5,""vanilla_lemon"":2,""caramel_wasabi"":6,""blue_mozzarella"":5,""sparkling_sweet"":5,""barbecue_ketchup"":2,""tropical_winter"":5,""early_night"":7,""beer_frequency"":""once_a_week"",""drinks_alcohol"":true},""ratings"":{""Beer 1"":5,""Beer 2"":6,""Beer 3"":3,""Beer 5"":2,""Beer 6"":6,""Beer 8"":1,""Beer 9"":4}}"
a090b90a-ddd6-42cb-850e-74050f5564b0,"{""user_id"":""a090b90a-ddd6-42cb-850e-74050f5564b0"",""profile"":{""age"":24,""gender"":""male"",""latitude"":51.23496155913746,""longitude"":6.861428618431092},""preferences"":{""dark_white_chocolate"":1,""curry_cucumber"":1,""vanilla_lemon"":8,""caramel_wasabi"":0,""blue_mozzarella"":8,""sparkling_sweet"":8,""barbecue_ketchup"":9,""tropical_winter"":1,""early_night"":8,""beer_frequency"":""multiple_times_a_week"",""drinks_alcohol"":true},""ratings"":{""Beer 1"":4,""Beer 2"":6,""Beer 3"":4,""Beer 4"":1,""Beer 5"":7,""Beer 6"":7,""Beer 7"":2,""Beer 8"":7,""Beer 9"":4}}"
a89c5c7f-b3c3-4255-9d3d-ee98461ba7e4,"{""user_id"":""a89c5c7f-b3c3-4255-9d3d-ee98461ba7e4"",""profile"":{""age"":63,""gender"":""male"",""latitude"":52.55965567958739,""longitude"":13.426666259765625},""preferences"":{""dark_white_chocolate"":7,""curry_cucumber"":4,""vanilla_lemon"":3,""caramel_wasabi"":7,""blue_mozzarella"":3,""sparkling_sweet"":0,""barbecue_ketchup"":9,""tropical_winter"":8,""early_night"":8,""beer_frequency"":""once_a_week"",""drinks_alcohol"":true},""ratings"":{""Beer 4"":2,""Beer 5"":2}}"
ab2a2706-5193-4b12-9497-7f6821b75e38,"{""user_id"":""ab2a2706-5193-4b12-9497-7f6821b75e38"",""profile"":{""age"":22,""gender"":""male"",""latitude"":54.08142884684168,""longitude"":12.134308353554088},""preferences"":{""dark_white_chocolate"":1,""curry_cucumber"":3,""vanilla_lemon"":7,""caramel_wasabi"":8,""blue_mozzarella"":10,""sparkling_sweet"":4,""barbecue_ketchup"":5,""tropical_winter"":2,""early_night"":5,""beer_frequency"":""once_a_month"",""drinks_alcohol"":true},""ratings"":{""Beer 1"":4,""Beer 2"":7,""Beer 3"":6,""Beer 4"":2,""Beer 5"":3,""Beer 6"":3,""Beer 7"":3,""Beer 8"":2,""Beer 9"":8}}"
ad7d2459-dec4-4a4f-8856-09a3131453ac,"{""user_id"":""ad7d2459-dec4-4a4f-8856-09a3131453ac"",""profile"":{""age"":26,""gender"":""male"",""latitude"":50.9025998065957,""longitude"":6.911773681640626},""preferences"":{""dark_white_chocolate"":1,""curry_cucumber"":2,""vanilla_lemon"":6,""caramel_wasabi"":4,""blue_mozzarella"":4,""sparkling_sweet"":0,""barbecue_ketchup"":3,""tropical_winter"":0,""early_night"":7,""beer_frequency"":""once_a_week"",""drinks_alcohol"":true},""ratings"":{""Beer 1"":5,""Beer 2"":6,""Beer 3"":3,""Beer 4"":7,""Beer 5"":7,""Beer 6"":7,""Beer 7"":2,""Beer 8"":6,""Beer 9"":9}}"
b2267bec-f1c8-4fbf-bcdb-562bf7f077fb,"{""user_id"":""b2267bec-f1c8-4fbf-bcdb-562bf7f077fb"",""profile"":{""age"":23,""gender"":""male"",""latitude"":48.67240438966865,""longitude"":7.934780605137349},""preferences"":{""dark_white_chocolate"":5,""curry_cucumber"":3,""vanilla_lemon"":7,""caramel_wasabi"":5,""blue_mozzarella"":10,""sparkling_sweet"":5,""barbecue_ketchup"":5,""tropical_winter"":3,""early_night"":6,""beer_frequency"":""once_a_week"",""drinks_alcohol"":true},""ratings"":{""Beer 1"":1,""Beer 2"":4,""Beer 3"":3,""Beer 4"":1,""Beer 5"":10,""Beer 6"":8,""Beer 7"":7,""Beer 8"":7,""Beer 9"":10}}"
b3eeff5d-b8a8-402e-b708-1dc13f724fec,"{""user_id"":""b3eeff5d-b8a8-402e-b708-1dc13f724fec"",""profile"":{""age"":24,""gender"":""female"",""latitude"":48.98382212608505,""longitude"":8.415527343750002},""preferences"":{""dark_white_chocolate"":2,""curry_cucumber"":3,""vanilla_lemon"":1,""caramel_wasabi"":0,""blue_mozzarella"":3,""sparkling_sweet"":5,""barbecue_ketchup"":5,""tropical_winter"":8,""early_night"":2,""beer_frequency"":""once_a_week"",""drinks_alcohol"":true},""ratings"":{""Beer 1"":8}}"
bec1fb3e-70a2-41bd-9b86-de46c4ba5b15,"{""user_id"":""bec1fb3e-70a2-41bd-9b86-de46c4ba5b15"",""profile"":{""age"":26,""gender"":""male"",""latitude"":48.10743118848039,""longitude"":11.535644531250002},""preferences"":{""dark_white_chocolate"":5,""curry_cucumber"":9,""vanilla_lemon"":7,""caramel_wasabi"":5,""blue_mozzarella"":8,""sparkling_sweet"":0,""barbecue_ketchup"":2,""tropical_winter"":9,""early_night"":0,""beer_frequency"":""once_a_month"",""drinks_alcohol"":true},""ratings"":{""Beer 1"":7,""Beer 2"":4,""Beer 3"":9,""Beer 4"":6,""Beer 5"":5,""Beer 6"":6,""Beer 7"":1,""Beer 8"":2,""Beer 9"":10}}"
c02d9446-640e-479b-864d-0f6713220066,"{""user_id"":""c02d9446-640e-479b-864d-0f6713220066"",""profile"":{""age"":24,""gender"":""female"",""latitude"":48.827520201127875,""longitude"":2.2385179996490483},""preferences"":{""dark_white_chocolate"":9,""curry_cucumber"":5,""vanilla_lemon"":4,""caramel_wasabi"":0,""blue_mozzarella"":10,""sparkling_sweet"":7,""barbecue_ketchup"":6,""tropical_winter"":0,""early_night"":7,""beer_frequency"":""never"",""drinks_alcohol"":true},""ratings"":{""Beer 1"":2,""Beer 2"":3,""Beer 4"":2,""Beer 5"":2,""Beer 7"":3}}"
c24ace3f-0e71-4b22-b661-8431b231fe67,"{""user_id"":""c24ace3f-0e71-4b22-b661-8431b231fe67"",""profile"":{""age"":24,""gender"":""female"",""latitude"":50.8510411296595,""longitude"":4.383544921875001},""preferences"":{""dark_white_chocolate"":0,""curry_cucumber"":3,""vanilla_lemon"":2,""caramel_wasabi"":10,""blue_mozzarella"":3,""sparkling_sweet"":2,""barbecue_ketchup"":0,""tropical_winter"":8,""early_night"":1,""beer_frequency"":""once_a_week"",""drinks_alcohol"":true},""ratings"":{""Beer 1"":4,""Beer 4"":6,""Beer 5"":10,""Beer 7"":10,""Beer 8"":7}}"
c395d714-b237-417a-863c-637384724be2,"{""user_id"":""c395d714-b237-417a-863c-637384724be2"",""profile"":{""age"":26,""gender"":""female"",""latitude"":52.385658472782566,""longitude"":4.625244140625001},""preferences"":{""dark_white_chocolate"":10,""curry_cucumber"":8,""vanilla_lemon"":2,""caramel_wasabi"":7,""blue_mozzarella"":5,""sparkling_sweet"":6,""barbecue_ketchup"":8,""tropical_winter"":2,""early_night"":1,""beer_frequency"":""once_a_month"",""drinks_alcohol"":true},""ratings"":{""Beer 4"":5}}"
cc7efe6f-c7f2-4b3d-bb16-1952a89a6920,"{""user_id"":""cc7efe6f-c7f2-4b3d-bb16-1952a89a6920"",""profile"":{""age"":23,""gender"":""female"",""latitude"":47.579362825138745,""longitude"":9.16937828063965},""preferences"":{""dark_white_chocolate"":2,""curry_cucumber"":6,""vanilla_lemon"":10,""caramel_wasabi"":4,""blue_mozzarella"":3,""sparkling_sweet"":3,""barbecue_ketchup"":2,""tropical_winter"":2,""early_night"":10,""beer_frequency"":""once_a_week"",""drinks_alcohol"":true},""ratings"":{""Beer 1"":2,""Beer 2"":5,""Beer 3"":8,""Beer 4"":3,""Beer 5"":6,""Beer 6"":6,""Beer 7"":8,""Beer 8"":4,""Beer 9"":2}}"
d50cca6f-3f95-4a27-965e-684d01710c07,"{""user_id"":""d50cca6f-3f95-4a27-965e-684d01710c07"",""profile"":{""age"":26,""gender"":""male"",""latitude"":61.496326849434624,""longitude"":23.771386043160014},""preferences"":{""dark_white_chocolate"":8,""curry_cucumber"":4,""vanilla_lemon"":2,""caramel_wasabi"":9,""blue_mozzarella"":0,""sparkling_sweet"":7,""barbecue_ketchup"":3,""tropical_winter"":8,""early_night"":6,""beer_frequency"":""once_a_week"",""drinks_alcohol"":true},""ratings"":{""Beer 1"":8,""Beer 2"":6,""Beer 3"":3,""Beer 4"":8,""Beer 5"":4,""Beer 6"":4,""Beer 7"":7,""Beer 8"":2,""Beer 9"":6}}"
d839fbf9-a6dc-4ec7-95bb-c5f642744a69,"{""user_id"":""d839fbf9-a6dc-4ec7-95bb-c5f642744a69"",""profile"":{""age"":27,""gender"":""male"",""latitude"":42.66375615557906,""longitude"":21.164817810058597},""preferences"":{""dark_white_chocolate"":2,""curry_cucumber"":3,""vanilla_lemon"":8,""caramel_wasabi"":2,""blue_mozzarella"":10,""sparkling_sweet"":5,""barbecue_ketchup"":2,""tropical_winter"":8,""early_night"":5,""beer_frequency"":""multiple_times_a_week"",""drinks_alcohol"":true},""ratings"":{""Beer 1"":3,""Beer 2"":2,""Beer 3"":7,""Beer 4"":6,""Beer 5"":5,""Beer 6"":9,""Beer 7"":3,""Beer 8"":10,""Beer 9"":7}}"
dcc2511b-1fc2-4557-a5e0-e8ae0f58e38d,"{""user_id"":""dcc2511b-1fc2-4557-a5e0-e8ae0f58e38d"",""profile"":{""age"":38,""gender"":""male"",""latitude"":48.233649339315214,""longitude"":16.38945579528809},""preferences"":{""dark_white_chocolate"":3,""curry_cucumber"":6,""vanilla_lemon"":4,""caramel_wasabi"":3,""blue_mozzarella"":8,""sparkling_sweet"":4,""barbecue_ketchup"":5,""tropical_winter"":8,""early_night"":3,""beer_frequency"":""once_a_week"",""drinks_alcohol"":true},""ratings"":{""Beer 1"":3,""Beer 2"":7,""Beer 3"":4,""Beer 4"":8,""Beer 5"":8,""Beer 6"":4,""Beer 7"":7,""Beer 8"":6,""Beer 9"":3}}"
ed1f5d9c-3e7b-4332-a39d-9157a9379166,"{""user_id"":""ed1f5d9c-3e7b-4332-a39d-9157a9379166"",""profile"":{""age"":63,""gender"":""male"",""latitude"":52.548721390139505,""longitude"":13.410624428652229},""preferences"":{""dark_white_chocolate"":7,""curry_cucumber"":3,""vanilla_lemon"":3,""caramel_wasabi"":6,""blue_mozzarella"":4,""sparkling_sweet"":8,""barbecue_ketchup"":2,""tropical_winter"":7,""early_night"":8,""beer_frequency"":""once_a_week"",""drinks_alcohol"":true},""ratings"":{""Beer 1"":7,""Beer 2"":8,""Beer 4"":3,""Beer 5"":2,""Beer 6"":5,""Beer 9"":9}}"
f4532ae7-d48c-4b24-a281-d072efcc9087,"{""user_id"":""f4532ae7-d48c-4b24-a281-d072efcc9087"",""profile"":{""age"":25,""gender"":""female"",""latitude"":48.77772845503595,""longitude"":9.183147350721713},""preferences"":{""dark_white_chocolate"":1,""curry_cucumber"":5,""vanilla_lemon"":3,""caramel_wasabi"":3,""blue_mozzarella"":3,""sparkling_sweet"":5,""barbecue_ketchup"":3,""tropical_winter"":7,""early_night"":5,""beer_frequency"":""once_a_month"",""drinks_alcohol"":true},""ratings"":{""Beer 1"":7,""Beer 2"":9,""Beer 3"":3,""Beer 4"":4,""Beer 5"":3,""Beer 6"":6,""Beer 7"":3,""Beer 8"":2,""Beer 9"":9}}"
ff91e34e-60bd-450f-a6b5-05ae16edef7e,"{""user_id"":""ff91e34e-60bd-450f-a6b5-05ae16edef7e"",""profile"":{""age"":28,""gender"":""male"",""latitude"":41.99552834873564,""longitude"":21.43055132270683},""preferences"":{""dark_white_chocolate"":5,""curry_cucumber"":6,""vanilla_lemon"":4,""caramel_wasabi"":3,""blue_mozzarella"":2,""sparkling_sweet"":6,""barbecue_ketchup"":6,""tropical_winter"":3,""early_night"":8,""beer_frequency"":""once_a_week"",""drinks_alcohol"":true},""ratings"":{""Beer 1"":7,""Beer 2"":8,""Beer 3"":3,""Beer 4"":5,""Beer 5"":2,""Beer 6"":3}}"
